{
  "color": "#0056D6",
  "fromRect": [
    [
      0,
      0
    ],
    [
      369,
      576
    ]
  ],
  "lineWidth": 10,
  "locations": [
    [
      162,
      215.3333282470703
    ],
    [
      158.66665649414062,
      210.3333282470703
    ],
    [
      154.3333282470703,
      205.66665649414062
    ],
    [
      150,
      201.3333282470703
    ],
    [
      145.3333282470703,
      198
    ],
    [
      139.66665649414062,
      196
    ],
    [
      134,
      194.3333282470703
    ],
    [
      127.66665649414062,
      193.66665649414062
    ],
    [
      121.66665649414062,
      193.66665649414062
    ],
    [
      115.33332824707031,
      193.66665649414062
    ],
    [
      108.66665649414062,
      196.3333282470703
    ],
    [
      102.33332824707031,
      199.66665649414062
    ],
    [
      96.66665649414062,
      203.66665649414062
    ],
    [
      92,
      208
    ],
    [
      87.66665649414062,
      213.3333282470703
    ],
    [
      84.66665649414062,
      219.66665649414062
    ],
    [
      82.66665649414062,
      227
    ],
    [
      82,
      234.66665649414062
    ],
    [
      82,
      243
    ],
    [
      82,
      252.3333282470703
    ],
    [
      83.33332824707031,
      262.3333282470703
    ],
    [
      86.33332824707031,
      272.3333282470703
    ],
    [
      90.33332824707031,
      282.3333282470703
    ],
    [
      94.33332824707031,
      290.6666564941406
    ],
    [
      99.66665649414062,
      298.6666564941406
    ],
    [
      105,
      306.3333282470703
    ],
    [
      110.66665649414062,
      313.6666564941406
    ],
    [
      116.33332824707031,
      320.6666564941406
    ],
    [
      122.66665649414062,
      327.3333282470703
    ],
    [
      129,
      334.3333282470703
    ],
    [
      135.66665649414062,
      341.3333282470703
    ],
    [
      142.3333282470703,
      349
    ],
    [
      149.3333282470703,
      357
    ],
    [
      156,
      365
    ],
    [
      162.3333282470703,
      372.3333282470703
    ],
    [
      168,
      379.6666564941406
    ],
    [
      172.66665649414062,
      386.3333282470703
    ],
    [
      177,
      392.6666564941406
    ],
    [
      179.66665649414062,
      398.6666564941406
    ],
    [
      181.66665649414062,
      403.3333282470703
    ],
    [
      183,
      407
    ],
    [
      184.3333282470703,
      410
    ],
    [
      185,
      412
    ],
    [
      185.3333282470703,
      413
    ],
    [
      186.3333282470703,
      413.6666564941406
    ],
    [
      186.3333282470703,
      412
    ],
    [
      186.3333282470703,
      409.3333282470703
    ],
    [
      186.3333282470703,
      406.6666564941406
    ],
    [
      186.3333282470703,
      404
    ],
    [
      186.3333282470703,
      400.3333282470703
    ],
    [
      186.3333282470703,
      396.6666564941406
    ],
    [
      186.3333282470703,
      391.6666564941406
    ],
    [
      186.3333282470703,
      387
    ],
    [
      186.3333282470703,
      382
    ],
    [
      186.3333282470703,
      376.3333282470703
    ],
    [
      187.3333282470703,
      370
    ],
    [
      189.66665649414062,
      363
    ],
    [
      192.66665649414062,
      355.6666564941406
    ],
    [
      195.66665649414062,
      348.6666564941406
    ],
    [
      199.3333282470703,
      342
    ],
    [
      202.66665649414062,
      335.3333282470703
    ],
    [
      207.3333282470703,
      328.3333282470703
    ],
    [
      212,
      321.6666564941406
    ],
    [
      216.66665649414062,
      315
    ],
    [
      221.66665649414062,
      308.6666564941406
    ],
    [
      226,
      302
    ],
    [
      230.66665649414062,
      295.3333282470703
    ],
    [
      234.66665649414062,
      287.6666564941406
    ],
    [
      238.3333282470703,
      279.6666564941406
    ],
    [
      241.66665649414062,
      271.6666564941406
    ],
    [
      245,
      263
    ],
    [
      247.66665649414062,
      254
    ],
    [
      250.3333282470703,
      245
    ],
    [
      252.3333282470703,
      236
    ],
    [
      253.66665649414062,
      226.66665649414062
    ],
    [
      254.3333282470703,
      218
    ],
    [
      254.3333282470703,
      209.3333282470703
    ],
    [
      254.3333282470703,
      201.3333282470703
    ],
    [
      254.3333282470703,
      194.66665649414062
    ],
    [
      253.3333282470703,
      189.66665649414062
    ],
    [
      250.66665649414062,
      186
    ],
    [
      247,
      183.3333282470703
    ],
    [
      242.66665649414062,
      181.3333282470703
    ],
    [
      237.3333282470703,
      180
    ],
    [
      231.3333282470703,
      179
    ],
    [
      225.3333282470703,
      178.3333282470703
    ],
    [
      220,
      178.3333282470703
    ],
    [
      215,
      178.3333282470703
    ],
    [
      210,
      178.3333282470703
    ],
    [
      205.3333282470703,
      178.3333282470703
    ],
    [
      200.3333282470703,
      180
    ],
    [
      195.66665649414062,
      182.66665649414062
    ],
    [
      190.66665649414062,
      185
    ],
    [
      185.66665649414062,
      187.66665649414062
    ],
    [
      181,
      190
    ],
    [
      177,
      193.3333282470703
    ],
    [
      173,
      197
    ],
    [
      169.66665649414062,
      200.66665649414062
    ],
    [
      167.66665649414062,
      204.3333282470703
    ],
    [
      166,
      207
    ],
    [
      164.66665649414062,
      209
    ],
    [
      164,
      210.66665649414062
    ],
    [
      164,
      212.66665649414062
    ]
  ],
  "type": "sketch"
}